"","tcreated","timestamp"
"1",2019-11-21 02:59:00,1
"2",2019-11-21 03:00:00,2
"3",2019-11-21 03:01:00,3
"4",2019-11-21 03:02:00,4
"5",2019-11-21 03:06:00,5
"6",2019-11-21 03:07:00,6
"7",2019-11-21 03:08:00,7
"8",2019-11-21 03:09:00,8
"9",2019-11-21 03:10:00,9
"10",2019-11-21 03:11:00,10
"11",2019-11-21 03:23:00,11
"12",2019-11-21 03:24:00,12
"13",2019-11-21 03:25:00,13
"14",2019-11-21 03:26:00,14
"15",2019-11-21 03:27:00,15
"16",2019-11-21 03:28:00,16
"17",2019-11-21 03:39:00,17
"18",2019-11-21 03:40:00,18
"19",2019-11-21 03:41:00,19
"20",2019-11-21 03:42:00,20
"21",2019-11-21 03:43:00,21
"22",2019-11-21 03:55:00,22
"23",2019-11-21 03:56:00,23
"24",2019-11-21 03:57:00,24
"25",2019-11-21 03:58:00,25
"26",2019-11-21 03:59:00,26
"27",2019-11-21 04:11:00,27
"28",2019-11-21 04:12:00,28
"29",2019-11-21 04:13:00,29
"30",2019-11-21 04:14:00,30
"31",2019-11-21 04:24:00,31
"32",2019-11-21 04:25:00,32
"33",2019-11-21 04:26:00,33
"34",2019-11-21 04:27:00,34
"35",2019-11-21 04:28:00,35
